claude hooks docs.md,2025-08-10T17:39:05.519916
2025-08-08/14_1_1_1_Implementation_Complete.md,2025-08-10T17:39:05.519916
2025-08-08/24_Bill_Payment_Status_Query.md,2025-08-10T17:39:05.519916
2025-08-08/3_1_Fixed_Misleading_Example.md,2025-08-10T17:39:05.519916
2025-08-08/7_1_Integration_Analysis_Complete.md,2025-08-10T17:39:05.519916
2025-08-08/4_Cloud_Hook_Configuration_Problem.md,2025-08-10T17:39:05.519916
2025-08-08/16_Personal_Interjection.md,2025-08-10T17:39:05.519916
2025-08-08/19_3_bob_run_integration_validation_tests.md,2025-08-10T17:39:05.519916
2025-08-08/19_5_2_Test_Lab_System_Analysis_and_Improvements.md,2025-08-10T17:39:05.519916
2025-08-08/19_1_1_Test_Lab_Infrastructure_Analysis_Complete.md,2025-08-10T17:39:05.519916
2025-08-08/1_Mistake_in_Create_Agent_Sub-Agents_Subtask_Content_Population.md,2025-08-10T17:39:05.519916
2025-08-08/7_Integrate_Cloud_Settings.md,2025-08-10T17:39:05.519916
2025-08-08/14_Complexity_of_Tree_Update_Problem.md,2025-08-10T17:39:05.519916
2025-08-08/11_Proposed_File_Management_for_Tree_Updates.md,2025-08-10T17:39:05.519916
2025-08-08/19_1_End_to_End_Test_Lab_Design_Proposal.md,2025-08-10T17:39:05.519916
2025-08-08/19_5_1_Hook_Based_Instruction_Injection_Test_Feature.md,2025-08-10T17:39:05.519916
2025-08-08/26_Bill_Overdue_Status.md,2025-08-10T17:39:05.519916
2025-08-08/25_User_Expectation_of_Automatic_Payment.md,2025-08-10T17:39:05.519916
2025-08-08/17_Brainstorm_Agent_Orchestration_System_Testing.md,2025-08-10T17:39:05.519916
2025-08-08/19_5_3_Test_Lab_Agent_Name_Update_and_Fixes.md,2025-08-10T17:39:05.519916
2025-08-08/19_5_End_to_End_Test_Lab_Implementation_Complete.md,2025-08-10T17:39:05.519916
2025-08-08/6_Move_Cloud_Settings_JSON_File.md,2025-08-10T17:39:05.519916
2025-08-08/18_Current_Manual_Testing_Process_for_Agent_Orchestration.md,2025-08-10T17:39:05.519916
2025-08-08/7_2_Cloud_Settings_Integration_Complete.md,2025-08-10T17:39:05.519916
2025-08-08/2_Methodology_for_Sub-Agent_Content_Population.md,2025-08-10T17:39:05.519916
2025-08-08/19_End-to-End_System_Test_Lab.md,2025-08-10T17:39:05.519916
2025-08-08/8_3_Setup_Professional_Email.md,2025-08-10T17:39:05.519916
2025-08-08/13_User-Specific_File_Updates_Question.md,2025-08-10T17:39:05.519916
2025-08-08/29_Scam_Message_Concern.md,2025-08-10T17:39:05.519916
2025-08-08/19_3_1_Test_Lab_Structure_Analysis_Complete.md,2025-08-10T17:39:05.519916
2025-08-08/22_Two-Factor_Authentication_Failure.md,2025-08-10T17:39:05.519916
2025-08-08/23_Low_Battery_Warning.md,2025-08-10T17:39:05.519916
2025-08-08/15_Conversational_Closing.md,2025-08-10T17:39:05.519916
2025-08-08/3_2_Fixed_Settings_Path.md,2025-08-10T17:39:05.519916
2025-08-08/5_Incorrect_Cloud_Settings_JSON_Format.md,2025-08-10T17:39:05.519916
2025-08-08/27_Unpaid_Bill_Identified.md,2025-08-10T17:39:05.519916
2025-08-08/31_User_s_Immediate_Payment_Query.md,2025-08-10T17:39:05.519916
2025-08-08/19_2_1_Test_Lab_Documentation_Complete.md,2025-08-10T17:39:05.519916
2025-08-08/20_Logging_In_Action.md,2025-08-10T17:39:05.519916
2025-08-08/19_3_2_Integration_Validation_Tests_Complete.md,2025-08-10T17:39:05.519916
2025-08-08/19_4_charlie_create_cicd_integration.md,2025-08-10T17:39:05.519916
2025-08-08/10_Simplify_tree_update_reminder_py.md,2025-08-10T17:39:05.519916
2025-08-08/3_Fix_Misleading_Sub-Agent_Command_Example.md,2025-08-10T17:39:05.519916
2025-08-08/9_Agent_Launching_System_Startup_Process.md,2025-08-10T17:39:05.519916
2025-08-08/28_Immediate_Payment_Request.md,2025-08-10T17:39:05.519916
2025-08-08/12_Time-based_File_Detection.md,2025-08-10T17:39:05.519916
2025-08-08/30_User_s_Payment_Habit_Query.md,2025-08-10T17:39:05.519916
2025-08-08/8_2_Website_Setup_Task.md,2025-08-10T17:39:05.519916
2025-08-08/14_1_Tree_Update_Problem_Analysis_and_Solutions.md,2025-08-10T17:39:05.519916
2025-08-08/21_Login_Troubleshooting_Issue.md,2025-08-10T17:39:05.519916
2025-08-08/8_1_Agent_Launching_System_Architecture_Analysis.md,2025-08-10T17:39:05.519916
2025-08-08/7_3_Enhanced_Prompt_System_Implementation.md,2025-08-10T17:39:05.519916
2025-08-08/8_Request_for_Architecture_Diagram.md,2025-08-10T17:39:05.519916
2025-08-08/14_1_1_Per_Agent_State_Tracking_Breakthrough.md,2025-08-10T17:39:05.519916
2025-08-08/19_2_alice_create_test_lab_documentation.md,2025-08-10T17:39:05.519916
2025-08-10/14125_Principle_No_Specific_Agent_Instructions.md,2025-08-10T17:39:05.519916
2025-08-10/14115_Research_NoLima_Datasets_and_Questions.md,2025-08-10T17:39:05.519916
2025-08-10/14114_1_NoLiMa_Repository_Investigation_Complete.md,2025-08-10T17:39:05.519916
2025-08-10/14116_Problem_with_Python_Traversal_Script.md,2025-08-10T17:39:05.519916
2025-08-10/14129_2_Round_Robin_Name_Assignment_Implemented.md,2025-08-10T17:39:05.519916
2025-08-10/14114_1_1_2_1_NoLiMa_Benchmark_Runner_Scripts.md,2025-08-10T17:39:05.519916
2025-08-10/14123_Agent_for_Max_Depth_and_Traversal.md,2025-08-10T17:39:05.519916
2025-08-10/14128_Agent_Name_System_Dependency.md,2025-08-10T17:39:05.519916
2025-08-10/14116_3_Fix_Applied_Successfully.md,2025-08-10T17:39:05.519916
2025-08-10/14117_Dependency_Graph_Content_Injection_Issue.md,2025-08-10T17:39:05.519916
2025-08-10/17_Brainstorm_Agent_Orchestration_System_Testing.md,2025-08-10T17:39:05.519916
2025-08-10/14124_Problem_End-to-End_Test_Lab_Scope.md,2025-08-10T17:39:05.519916
2025-08-10/14114_1_1_1_VoiceTree_Semantic_Search_Improvements_for_NoLiMa.md,2025-08-10T17:39:05.519916
2025-08-10/14116_6_Depth_Now_Configurable.md,2025-08-10T17:39:05.519916
2025-08-10/14112_VoiceTree_NoLima_Benchmark_Handling.md,2025-08-10T17:39:05.519916
2025-08-10/14118_Agent_Launch_Failure.md,2025-08-10T17:39:05.519916
2025-08-10/14116_3_1_1_Test_Coverage_Added.md,2025-08-10T17:39:05.519916
2025-08-10/19_End-to-End_System_Test_Lab.md,2025-08-10T17:39:05.519916
2025-08-10/14127_Agent_Naming_Limitation.md,2025-08-10T17:39:05.519916
2025-08-10/14114_Investigate_NoLima_Repository.md,2025-08-10T17:39:05.519916
2025-08-10/14121_Agent_for_LongLemur_Benchmark.md,2025-08-10T17:39:05.519916
2025-08-10/14116_2_Git_History_Analysis_Complete.md,2025-08-10T17:39:05.519916
2025-08-10/14114_1_1_2_1_1_NoLiMa_8K_Spain_Benchmark_Test_Results.md,2025-08-10T17:39:05.519916
2025-08-10/14122_Get_Voice_Tree_Nodes_Python_File.md,2025-08-10T17:39:05.519916
2025-08-10/14126_Agent_Expectation_Node_Creation_in_Test_Lab.md,2025-08-10T17:39:05.519916
2025-08-10/14129_Differentiate_Agent_Color_and_Name.md,2025-08-10T17:39:05.519916
2025-08-10/10_Simplify_tree_update_reminder_py.md,2025-08-10T17:39:05.519916
2025-08-10/14113_Clone_NoLima_Repository.md,2025-08-10T17:39:05.519916
2025-08-10/14129_1_Agent_Identity_System_Implemented.md,2025-08-10T17:39:05.519916
2025-08-10/14120_Run_NoLima_Benchmark_on_LongLemur.md,2025-08-10T17:39:05.519916
2025-08-10/21_Login_Troubleshooting_Issue.md,2025-08-10T17:39:05.519916
2025-08-10/14116_1_Problem_Analysis_Complete.md,2025-08-10T17:39:05.519916
2025-08-10/14116_5_Max_Depth_Test_Added_and_Verified.md,2025-08-10T17:39:05.519916
2025-08-10/14119_Single-Use_Ticket_Issue.md,2025-08-10T17:39:05.519916
2025-08-10/14_1_1_Per_Agent_State_Tracking_Breakthrough.md,2025-08-10T17:39:05.519916
2025-08-10/14116_4_Tests_Updated_and_Passing.md,2025-08-10T17:39:05.519916
2025-08-10/14114_1_1_2_NoLiMa_Benchmark_Tools_Implementation.md,2025-08-10T17:39:05.519916
2025-08-10/14116_3_1_Directory_Path_Resolution_Fix.md,2025-08-10T17:39:05.519916
2025-08-10/14114_1_1_NoLiMa_VoiceTree_Efficiency_Analysis.md,2025-08-10T17:39:05.519916
2025-08-10/14114_1_1_2_1_1_1_Bug_Analysis_NoLiMa_Spain_Answer_Retrieval.md,2025-08-10T17:41:33.852098
